individuals,Tdur1,Tdur2,Tdur3,Tdur4,Total,Tint1,Tint2,Tint3,Ffoun1,Ffoun2,Ffoun3,Ffoun4,Fhar1,Fhar2,Fhar3,Fhar4
1,0.145,0.197,0.621,1.486,2.553,0.104,0,0,680,770,770,600,1370,1630,1630,1630
1,0.121,0.197,0.661,1.428,2.57,0.163,0,0,680,770,860,680,1370,1630,1630,1630
1,0.139,0.191,0.621,1.625,2.698,0.122,0,0,680,770,860,680,1370,1630,1630,1630
1,0.139,0.174,0.65,1.491,2.57,0.116,0,0,680,770,860,680,1370,1630,1630,1630
1,0.156,0.191,0.65,1.491,2.622,0.134,0,0,680,770,860,600,1370,1720,1720,1630
1,0.156,0.168,0.644,1.578,2.657,0.111,0,0,680,770,860,680,1370,1630,1630,1630
1,0.121,0.179,0.638,1.444,2.522,0.14,0,0,680,770,860,680,1370,1630,1630,1630
1,0.127,0.174,0.638,1.456,2.54,0.145,0,0,680,770,860,680,1370,1630,1630,1630
1,0.133,0.168,0.655,1.444,2.539,0.139,0,0,680,770,860,600,1370,1630,1630,1630
1,0.127,0.191,0.655,1.358,2.476,0.145,0,0,680,770,860,600,1370,1630,1630,1630
2,0.11,0.127,0.417,0.667,1.641,0.122,0.047,0.151,610,810,810,770,1290,1630,1630,1550
2,0.116,0.127,0.429,0.655,1.629,0.116,0.041,0.145,600,940,860,770,1290,1630,1630,1550
2,0.121,0.139,0.458,0.684,1.646,0.105,0.023,0.116,600,940,860,770,1550,1890,1630,1550
2,0.116,0.133,0.412,0.597,1.571,0.122,0.046,0.145,600,940,860,770,1800,1890,1720,1550
2,0.127,0.133,0.417,0.638,1.606,0.105,0.046,0.14,600,940,860,860,1550,1630,1630,1550
2,0.11,0.145,0.47,0.545,1.583,0.128,0.029,0.156,600,770,770,770,1390,1630,1550,1550
2,0.121,0.145,0.452,0.563,1.607,0.117,0.04,0.169,600,770,770,770,1460,1630,1550,1460
2,0.116,0.168,0.47,0.545,1.588,0.127,0.029,0.133,600,770,770,600,1550,1550,1550,1460
2,0.127,0.174,0.458,0.528,1.583,0.116,0.017,0.163,600,770,770,770,1290,1550,1550,1460
2,0.11,0.145,0.458,0.534,1.578,0.128,0.04,0.163,600,770,770,680,1550,1550,1630,1460
3,0.15,0.162,0.737,2.362,3.435,0.024,0,0,600,770,680,600,1200,1550,1550,1550
3,0.15,0.168,0.667,2.327,3.347,0.035,0,0,600,770,770,600,1200,1630,1550,1630
3,0.133,0.174,0.667,2.205,3.243,0.064,0,0,600,770,770,600,1200,1630,1550,1550
3,0.15,0.185,0.743,2.258,3.371,0.035,0,0,600,770,770,600,1290,1630,1550,1630
3,0.139,0.168,0.719,2.374,3.452,0.052,0,0,600,770,770,600,1290,1630,1550,1550
3,0.139,0.197,0.743,1.19,2.315,0.046,0,0,600,680,680,600,1290,1630,1630,1630
3,0.156,0.214,0.766,0.992,2.151,0.023,0,0,600,680,680,600,1290,1630,1630,1630
3,0.15,0.179,0.719,1.962,3.105,0.053,0.024,0.018,600,680,680,600,1290,1630,1550,1630
3,0.15,0.22,0.748,1.59,2.732,0.024,0,0,600,770,680,600,1290,1630,1550,1630
3,0.156,0.185,0.737,1.561,2.691,0.052,0,0,600,770,680,600,1290,1630,1550,1630
4,0.116,0.179,0.383,0.214,1.333,0.145,0.099,0.197,810,860,820,860,1550,1630,1630,1720
4,0.139,0.197,0.406,0.226,1.352,0.128,0.07,0.186,810,860,860,840,1630,1720,1720,1720
4,0.139,0.179,0.406,0.232,1.345,0.133,0.088,0.168,680,860,860,820,1630,1720,1720,1720
4,0.133,0.203,0.412,0.232,1.345,0.116,0.081,0.168,770,940,810,820,1630,1720,1720,1720
4,0.116,0.162,0.388,0.191,1.327,0.156,0.099,0.215,770,860,810,860,1550,1720,1720,1720
4,0.121,0.185,0.417,0.226,1.333,0.146,0.087,0.151,680,940,860,860,1460,1720,1720,1720
4,0.139,0.197,0.412,0.203,1.345,0.139,0.07,0.185,770,940,860,860,1630,1800,1630,1720
4,0.15,0.191,0.406,0.22,1.35,0.128,0.081,0.174,770,940,860,860,1550,1720,1720,1720
4,0.127,0.179,0.412,0.226,1.362,0.14,0.093,0.185,680,940,860,860,1630,1720,1720,1720
4,0.116,0.174,0.394,0.214,1.333,0.139,0.093,0.203,680,940,860,860,1630,1720,1630,1720
5,0.116,0.243,0.29,0.145,1.107,0.139,0.035,0.139,680,940,770,770,1370,1460,1460,1720
5,0.11,0.249,0.296,0.15,1.124,0.145,0.029,0.145,680,940,770,860,1550,1460,1550,1720
5,0.116,0.249,0.284,0.156,1.13,0.139,0.035,0.151,680,770,770,860,1370,1370,1460,1720
5,0.11,0.261,0.296,0.156,1.13,0.139,0.023,0.145,680,770,770,770,1550,1630,1550,1720
5,0.127,0.261,0.29,0.156,1.13,0.122,0.029,0.145,680,770,770,770,1370,1460,1550,1720
5,0.127,0.238,0.296,0.268,1.236,0.122,0.052,0.133,680,770,770,770,1460,1460,1550,1720
5,0.116,0.261,0.313,0.156,1.112,0.127,0.023,0.116,680,770,770,770,1630,1630,1550,1720
5,0.121,0.249,0.296,0.168,1.13,0.128,0.035,0.133,680,770,770,770,1550,1630,1630,1720
5,0.116,0.238,0.301,0.156,1.118,0.133,0.046,0.128,680,770,770,770,1550,1550,1550,1720
5,0.121,0.238,0.307,0.162,1.13,0.134,0.046,0.122,680,770,770,770,1460,1460,1550,1720
6,0.145,0.104,0.377,0.412,1.386,0.116,0.093,0.139,860,940,900,900,1630,1980,1800,1800
6,0.116,0.104,0.354,0.383,1.35,0.127,0.104,0.162,860,880,900,900,1630,1800,1800,1800
6,0.11,0.104,0.359,0.429,1.396,0.139,0.104,0.151,810,900,900,900,1630,1800,1800,1800
6,0.127,0.098,0.377,0.4,1.391,0.145,0.105,0.139,860,900,900,1030,1630,1800,1800,1800
6,0.145,0.104,0.359,0.388,1.361,0.127,0.104,0.134,860,880,880,900,1720,2060,1800,1800
6,0.15,0.121,0.394,0.458,1.438,0.117,0.093,0.105,770,1030,900,900,1630,2060,1800,1800
6,0.139,0.11,0.354,0.417,1.403,0.122,0.11,0.151,860,880,900,900,1720,1800,1800,1980
6,0.145,0.121,0.371,0.406,1.374,0.116,0.082,0.133,730,1030,990,940,1630,1980,1800,1890
6,0.156,0.121,0.354,0.423,1.391,0.105,0.087,0.145,830,990,900,900,1630,1980,1800,1980
6,0.11,0.11,0.359,0.446,1.402,0.116,0.104,0.157,810,940,900,900,1630,1980,1800,1980
7,0.11,0.238,0.255,1.184,2.06,0.157,0,0.116,680,770,770,770,1290,1630,1630,1630
7,0.11,0.226,0.226,1.567,2.506,0.162,0.052,0.163,680,770,770,770,1290,1630,1630,1630
7,0.11,0.232,0.243,0.731,1.664,0.151,0.046,0.151,680,770,770,770,1630,1630,1630,1630
7,0.092,0.232,0.214,1.323,2.239,0.18,0.029,0.169,680,770,770,770,1630,1630,1630,1630
7,0.121,0.255,0.243,1.358,2.274,0.134,0.029,0.134,680,770,770,770,1290,1630,1630,1630
7,0.174,0.214,0.232,1.3,2.169,0.058,0.034,0.157,680,860,770,770,1460,1630,1630,1630
7,0.098,0.238,0.249,1.01,1.984,0.18,0.029,0.18,680,770,770,770,1550,1630,1630,1630
7,0.15,0.232,0.232,1.155,2.058,0.064,0.034,0.191,680,770,770,770,1890,1630,1630,1630
7,0.11,0.232,0.238,1.079,2.041,0.174,0.023,0.185,680,770,770,770,1890,1630,1630,1630
7,0.098,0.243,0.203,1.387,2.348,0.174,0.034,0.209,680,770,770,770,1890,1630,1630,1630
8,0.145,0.15,0.336,1.027,1.954,0.139,0.029,0.128,510,770,770,600,1630,1630,1630,1200
8,0.139,0.15,0.435,0.905,1.826,0.145,0.029,0.023,510,770,770,600,1110,1630,1630,1200
8,0.139,0.133,0.441,0.963,1.926,0.151,0.041,0.058,510,770,770,600,1110,1630,1630,1200
8,0.15,0.139,0.458,0.859,1.81,0.146,0.035,0.023,600,770,770,600,1110,1630,1630,1200
8,0.139,0.133,0.423,0.905,1.885,0.157,0.046,0.082,510,770,770,600,1110,1550,1630,1200
8,0.156,0.145,0.476,0.876,1.844,0.134,0.034,0.023,510,770,770,600,1030,1630,1630,1200
8,0.15,0.145,0.417,0.783,1.768,0.14,0.04,0.093,510,770,860,600,1110,1630,1630,1200
8,0.145,0.15,0.429,0.835,1.773,0.144,0.035,0.035,510,770,860,600,1030,1630,1720,1200
8,0.127,0.15,0.417,0.847,1.831,0.151,0.041,0.098,600,770,860,600,1110,1630,1720,1200
8,0.127,0.139,0.429,0.917,1.879,0.151,0.035,0.081,600,770,860,600,1110,1630,1720,1200
9,0.139,0.162,0.313,0.278,1.228,0.133,0.052,0.151,780,1000,770,940,1630,1980,2230,1720
9,0.116,0.162,0.313,0.267,1.217,0.145,0.046,0.168,680,940,860,940,1630,1980,1720,1720
9,0.127,0.156,0.307,0.272,1.211,0.14,0.052,0.157,680,940,990,840,1630,1980,1720,1720
9,0.121,0.156,0.296,0.267,1.229,0.146,0.058,0.185,680,940,860,940,1630,1980,1720,1800
9,0.121,0.156,0.307,0.272,1.228,0.151,0.052,0.169,680,940,860,940,1630,1980,1720,1720
9,0.127,0.156,0.29,0.313,1.275,0.145,0.058,0.186,680,990,940,940,1720,1980,1720,1720
9,0.127,0.162,0.296,0.278,1.228,0.145,0.052,0.168,680,940,940,940,1630,1980,1720,1720
9,0.127,0.15,0.325,0.29,1.252,0.145,0.064,0.151,680,940,940,940,1630,1980,1720,1720
9,0.116,0.156,0.301,0.296,1.24,0.156,0.052,0.163,680,990,990,680,1630,1980,1980,1720
9,0.133,0.156,0.29,0.296,1.252,0.139,0.07,0.168,680,940,770,680,1720,1980,1980,1890
10,0.092,0.226,0.516,0.806,1.791,0.053,0,0.098,600,860,860,680,1460,1630,1630,1630
10,0.069,0.22,0.505,0.911,1.919,0.093,0,0.121,680,860,860,680,1460,1630,1630,1370
10,0.081,0.156,0.592,0.957,1.942,0.087,0,0.069,600,860,860,680,1550,1630,1630,1460
10,0.075,0.197,0.516,1.033,2.03,0.099,0,0.11,600,860,860,680,1630,1630,1630,1630
10,0.081,0.197,0.505,0.963,1.965,0.098,0,0.121,600,860,860,680,1630,1630,1630,1630
10,0.069,0.197,0.505,0.852,1.895,0.116,0,0.156,600,860,860,680,1550,1630,1630,1370
10,0.075,0.208,0.516,0.812,1.825,0.104,0,0.11,600,860,860,680,1630,1630,1630,1630
10,0.092,0.203,0.499,0.957,1.966,0.076,0,0.139,680,860,860,680,1630,1630,1630,1630
10,0.069,0.203,0.487,0.557,1.543,0.105,0,0.122,680,860,860,680,1290,1630,1630,1720
10,0.063,0.156,0.545,0.899,1.89,0.105,0,0.122,600,860,860,680,1290,1720,1630,1630
11,0.11,0.121,0.441,0.238,1.299,0.128,0.058,0.203,770,940,710,860,1550,1630,1630,1720
11,0.116,0.116,0.458,0.243,1.309,0.132,0.052,0.192,770,770,940,770,1550,1630,1630,1720
11,0.116,0.116,0.446,0.255,1.321,0.127,0.063,0.198,770,940,810,900,1550,1630,1630,1720
11,0.133,0.121,0.458,0.261,1.339,0.121,0.053,0.192,770,940,770,860,1550,1630,1630,1720
11,0.139,0.116,0.423,0.232,1.275,0.11,0.063,0.192,770,910,860,770,1550,1800,1720,1630
11,0.133,0.127,0.441,0.29,1.351,0.105,0.058,0.197,770,990,770,860,1550,1890,1630,1720
11,0.15,0.1212,0.458,0.313,1.39,0.093,0.0578,0.197,730,940,770,820,1550,1800,1630,1720
11,0.133,0.121,0.417,0.284,1.373,0.11,0.058,0.25,770,940,770,900,1550,1890,1630,1720
11,0.133,0.116,0.464,0.249,1.321,0.099,0.069,0.191,770,830,770,860,1550,1720,1630,1630
11,0.121,0.116,0.452,0.278,1.356,0.122,0.069,0.198,770,940,770,860,1550,1890,1630,1720
12,0.162,0.22,0.597,2.281,3.347,0.087,0,0,600,770,770,600,1630,1630,1550,1630
12,0.162,0.214,0.638,1.758,2.859,0.087,0,0,600,770,770,600,1800,1630,1550,1630
12,0.162,0.208,0.65,2.02,3.127,0.087,0,0,600,770,770,600,1200,1630,1550,1630
12,0.133,0.214,0.592,1.799,2.854,0.116,0,0,600,770,770,600,1200,1630,1550,1630
12,0.145,0.238,0.615,2.095,3.18,0.087,0,0,600,770,770,600,1630,1550,1550,1550
12,0.145,0.238,0.592,2.165,3.233,0.093,0,0,680,770,770,680,1630,1550,1550,1550
12,0.145,0.238,0.592,1.956,3.029,0.098,0,0,600,770,770,680,1630,1630,1550,1550
12,0.145,0.243,0.551,2.037,3.074,0.098,0,0,600,770,770,600,1630,1550,1550,1630
12,0.168,0.238,0.545,2.188,3.226,0.087,0,0,600,770,770,680,1630,1550,1550,1550
12,0.15,0.249,0.574,1.782,2.854,0.099,0,0,600,770,770,680,1630,1550,1550,1550
13,0.168,0.133,0.458,0.714,1.618,0.145,0,0,680,770,770,600,1460,1550,1550,1550
13,0.162,0.168,0.394,0.748,1.617,0.145,0,0,680,770,770,600,1460,1550,1550,1550
13,0.139,0.15,0.417,0.684,1.558,0.168,0,0,680,770,680,600,1460,1550,1550,1550
13,0.168,0.156,0.388,0.714,1.565,0.139,0,0,680,770,680,600,1460,1550,1550,1460
13,0.168,0.174,0.429,0.824,1.728,0.133,0,0,680,770,770,600,1370,1550,1550,1460
13,0.168,0.174,0.388,0.876,1.757,0.151,0,0,680,770,770,600,1460,1550,1550,1550
13,0.174,0.15,0.394,0.847,1.704,0.139,0,0,680,770,770,600,1460,1550,1550,1550
13,0.162,0.156,0.359,0.934,1.762,0.151,0,0,680,770,770,600,1370,1550,1550,1550
13,0.174,0.162,0.441,0.888,1.804,0.139,0,0,680,770,770,600,1460,1550,1550,1550
13,0.174,0.168,0.359,0.899,1.745,0.145,0,0,680,770,770,600,1460,1550,1550,1550
14,0.145,0.174,0.33,0.307,1.253,0.122,0,0.175,770,940,940,770,1550,1890,1890,1630
14,0.156,0.179,0.301,0.348,1.282,0.105,0,0.193,770,770,990,770,1550,1890,1890,1630
14,0.156,0.185,0.313,0.365,1.316,0.111,0,0.186,770,860,940,770,1550,1890,1890,1630
14,0.15,0.179,0.325,0.313,1.269,0.122,0,0.18,780,770,940,680,1550,1890,1890,1630
14,0.162,0.191,0.296,0.342,1.305,0.105,0,0.209,770,860,940,770,1550,1630,1890,1630
14,0.15,0.179,0.284,0.307,1.264,0.117,0,0.227,770,860,940,770,1550,1630,1890,1630
14,0.162,0.185,0.301,0.342,1.27,0.099,0,0.181,770,860,940,770,1550,1630,1890,1630
14,0.156,0.174,0.325,0.336,1.276,0.105,0,0.18,770,860,940,770,1550,1890,1890,1550
14,0.162,0.185,0.301,0.383,1.322,0.099,0,0.192,770,940,940,770,1550,1890,1890,1630
14,0.15,0.179,0.307,0.33,1.281,0.117,0,0.198,770,860,940,770,1550,1630,1890,1630
15,0.139,0.203,0.522,1.311,2.326,0.151,0,0,600,770,770,770,1460,1550,1550,1460
15,0.139,0.191,0.521,1.236,2.238,0.151,0,0,600,770,770,770,1370,1550,1550,1460
15,0.139,0.203,0.526,1.195,2.231,0.168,0,0,600,770,770,770,1370,1550,1550,1460
15,0.145,0.203,0.51,1.201,2.214,0.155,0,0,600,770,770,770,1460,1550,1550,1460
15,0.145,0.203,0.499,1.172,2.17,0.151,0,0,600,770,770,680,1460,1550,1550,1460
15,0.116,0.197,0.539,1.271,2.296,0.173,0,0,600,1030,770,680,1460,1890,1460,1460
15,0.133,0.197,0.516,1.248,2.262,0.168,0,0,600,940,770,770,1110,1460,1550,1460
15,0.121,0.191,0.528,1.311,2.337,0.186,0,0,600,940,770,770,1460,2060,1550,1460
15,0.121,0.203,0.522,1.369,2.395,0.18,0,0,600,680,770,680,1370,1460,1550,1460
15,0.127,0.203,0.505,1.34,2.355,0.18,0,0,600,940,770,680,1370,1980,1550,1460
16,0.162,0.156,0.551,0.76,1.739,0.11,0,0,680,860,860,770,1460,1630,1720,1630
16,0.15,0.15,0.684,0.754,1.866,0.128,0,0,680,860,860,770,1460,1720,1720,1630
16,0.156,0.156,0.522,0.539,1.495,0.122,0,0,680,860,860,770,1460,1720,1720,1630
16,0.156,0.174,0.51,0.899,1.867,0.128,0,0,680,860,860,770,1460,1720,1720,1630
16,0.162,0.174,0.51,0.824,1.786,0.116,0,0,680,860,860,860,1370,1720,1720,1630
16,0.168,0.168,0.534,0.76,1.746,0.116,0,0,680,860,860,770,1370,1720,1720,1630
16,0.156,0.179,0.528,0.888,1.873,0.122,0,0,680,860,860,770,1370,1720,1720,1630
16,0.15,0.179,0.505,0.748,1.71,0.128,0,0,680,860,860,860,1370,1720,1720,1630
16,0.174,0.168,0.603,0.795,1.85,0.11,0,0,680,860,860,770,1460,1720,1720,1630
16,0.162,0.174,0.568,0.743,1.775,0.128,0,0,680,860,860,860,1370,1720,1720,1630
17,0.232,0.249,0.423,1.207,2.175,0.064,0,0,860,770,940,860,1720,1370,1370,1720
17,0.197,0.232,0.464,1.068,2.065,0.104,0,0,860,940,940,860,1720,1460,1370,1720
17,0.214,0.249,0.423,1.039,1.995,0.07,0,0,860,940,940,860,1720,1800,1890,1720
17,0.214,0.232,0.464,0.934,1.937,0.093,0,0,860,940,940,860,1720,1980,1890,1720
17,0.226,0.243,0.481,0.952,1.977,0.075,0,0,860,940,940,860,1720,1800,1890,1720
17,0.238,0.249,0.435,1.178,2.169,0.069,0,0,770,770,940,860,1720,1370,1370,1720
17,0.226,0.249,0.481,1.091,2.117,0.07,0,0,860,940,940,860,1720,1370,1370,1720
17,0.208,0.232,0.435,1.021,1.978,0.082,0,0,860,940,940,860,1720,1800,1890,1720
17,0.208,0.226,0.417,1.102,2.029,0.076,0,0,860,940,940,860,1720,1460,1370,1720
17,0.214,0.226,0.429,0.638,1.583,0.076,0,0,860,940,940,940,1800,1980,1890,1800
18,0.127,0.301,0.336,0.29,1.466,0.128,0,0.284,770,860,860,940,1460,1630,1630,1980
18,0.133,0.301,0.388,0.296,1.438,0.116,0,0.204,770,860,860,940,1630,1630,1630,1890
18,0.127,0.249,0.412,0.313,1.461,0.128,0,0.232,770,860,860,940,1550,1630,1720,1890
18,0.116,0.243,0.406,0.267,1.432,0.139,0,0.261,770,860,860,940,1550,1630,1720,1980
18,0.11,0.267,0.394,0.33,1.514,0.157,0,0.256,770,860,860,940,1550,1630,1720,1980
18,0.116,0.255,0.377,0.284,1.467,0.145,0,0.29,770,860,860,940,1550,1630,1720,1890
18,0.116,0.255,0.388,0.272,1.455,0.145,0,0.279,770,860,860,940,1550,1630,1720,1980
18,0.11,0.29,0.354,0.313,1.479,0.145,0,0.267,860,860,860,940,1550,1630,1720,1980
18,0.139,0.255,0.429,0.278,1.426,0.122,0,0.203,770,860,860,940,1550,1550,1630,1980
18,0.1333,0.261,0.412,0.29,1.409,0.1157,0,0.197,770,940,860,940,1550,1630,1630,1980
19,0.197,0.121,0.574,0.458,1.507,0.052,0.076,0.029,860,1110,1030,860,1720,2150,1800,1720
19,0.22,0.127,0.58,0.586,1.634,0.035,0.057,0.029,860,860,1030,860,1630,2150,1800,1720
19,0.226,0.139,0.603,0.516,1.588,0.035,0.04,0.029,860,1030,1030,860,1720,1720,1800,1720
19,0.22,0.116,0.597,0.499,1.587,0.046,0.069,0.04,860,860,860,860,1720,2230,2060,1630
19,0.191,0.121,0.563,0.505,1.5492,0.058,0.0822,0.029,860,860,940,940,1720,2230,2060,1720
19,0.203,0.139,0.609,0.476,1.554,0.052,0.046,0.029,860,860,1030,860,1630,2230,1550,1720
19,0.214,0.162,0.557,0.545,1.594,0.047,0.029,0.04,860,1110,940,860,1720,2230,2060,1720
19,0.185,0.133,0.592,0.528,1.566,0.064,0.064,0,860,860,940,860,1720,2230,1550,1630
19,0.185,0.133,0.597,0.481,1.53,0.064,0.07,0,860,860,940,860,1630,2230,1550,1720
19,0.191,0.133,0.568,0.458,1.525,0.064,0.07,0.041,860,1110,1030,860,1720,2230,2060,1720
20,0.179,0.162,0.429,0.992,1.89,0.128,0,0,680,860,770,770,1460,1720,1550,1550
20,0.168,0.156,0.441,1.027,1.925,0.133,0,0,680,860,770,770,1290,1720,1550,1550
20,0.156,0.162,0.429,1.219,2.111,0.145,0,0,680,860,770,770,1460,1630,1550,1550
20,0.191,0.156,0.423,1.236,2.116,0.11,0,0,680,860,770,770,1460,1630,1550,1550
20,0.162,0.174,0.417,1.201,2.099,0.145,0,0,680,860,770,770,1460,1720,1630,1550
20,0.162,0.162,0.406,0.934,1.809,0.145,0,0,680,860,770,770,1550,1720,1550,1550
20,0.168,0.174,0.412,0.992,1.868,0.122,0,0,680,770,770,770,1460,1630,1550,1550
20,0.15,0.174,0.377,0.888,1.729,0.14,0,0,600,860,770,770,1290,1550,1550,1550
20,0.15,0.162,0.417,0.772,1.647,0.146,0,0,680,860,770,770,1290,1630,1550,1550
20,0.156,0.174,0.383,1.201,2.048,0.134,0,0,600,860,770,770,1460,1630,1550,1550
21,0.191,0.139,0.412,0.377,1.357,0.099,0.035,0.104,770,860,770,680,1550,1720,1630,1460
21,0.191,0.145,0.394,0.313,1.311,0.099,0.029,0.14,680,770,770,770,1550,1720,1460,1460
21,0.197,0.139,0.394,0.342,1.334,0.099,0.023,0.14,680,770,770,770,1370,1800,1630,1460
21,0.197,0.139,0.383,0.441,1.438,0.093,0.029,0.156,770,770,770,770,1550,1630,1630,1460
21,0.203,0.133,0.359,0.383,1.38,0.093,0.046,0.163,770,770,770,770,1550,1630,1630,1460
21,0.197,0.133,0.406,0.359,1.362,0.099,0.017,0.151,770,770,770,770,1550,1630,1630,1460
21,0.197,0.133,0.388,0.4,1.426,0.093,0.029,0.186,770,860,770,770,1550,1720,1630,1460
21,0.203,0.139,0.423,0.371,1.334,0.087,0.029,0.082,680,860,770,680,1370,1550,1460,1550
21,0.191,0.139,0.371,0.325,1.322,0.099,0.029,0.168,680,770,770,770,1550,1630,1550,1550
21,0.197,0.133,0.359,0.301,1.269,0.093,0.046,0.14,680,770,770,680,1370,1550,1550,1370
22,0.133,0.174,0.417,0.684,1.762,0.122,0.046,0.186,860,940,1030,940,1800,1980,1980,1800
22,0.15,0.185,0.417,0.684,1.733,0.105,0.041,0.151,860,940,1030,940,1720,1980,1980,1800
22,0.133,0.162,0.412,0.69,1.774,0.122,0.064,0.191,860,940,940,860,1720,1980,1980,1720
22,0.133,0.179,0.417,0.684,1.728,0.105,0.041,0.169,860,940,1030,860,1720,1980,1980,1800
22,0.15,0.179,0.423,0.772,1.809,0.099,0.035,0.151,770,940,940,940,1630,1980,1980,1800
22,0.145,0.179,0.441,0.714,1.769,0.104,0.053,0.133,860,940,940,770,1720,1980,1980,1800
22,0.139,0.168,0.412,0.667,1.74,0.116,0.058,0.18,770,940,1030,940,1720,1980,1980,1800
22,0.139,0.174,0.423,0.714,1.81,0.122,0.046,0.192,860,940,940,860,1720,1980,1980,1800
22,0.133,0.168,0.412,0.684,1.791,0.116,0.058,0.22,860,940,940,940,1720,1890,1890,1800
22,0.127,0.174,0.4,0.684,1.745,0.116,0.058,0.186,860,940,940,940,1630,1980,1980,1800
24,0.145,0.168,0.481,0.812,1.815,0.127,0,0.082,680,1030,600,770,1460,2060,1550,1550
24,0.133,0.203,0.487,0.673,1.688,0.134,0,0.058,600,1030,860,770,1460,2060,1720,1630
24,0.15,0.208,0.481,0.928,1.965,0.122,0,0.076,600,940,940,770,1460,1980,1890,1550
24,0.15,0.208,0.476,0.917,1.965,0.122,0,0.092,680,1030,940,770,1460,1980,1800,1630
24,0.133,0.197,0.481,1.2189,2.2329,0.145,0,0.058,680,1030,600,770,1460,1980,1630,1550
24,0.156,0.208,0.476,0.893,1.947,0.122,0,0.092,680,1030,600,770,1550,1980,1630,1550
24,0.127,0.208,0.516,0.824,1.878,0.145,0,0.058,600,1030,860,770,1460,1980,1890,1550
24,0.156,0.203,0.499,1.16,2.221,0.128,0,0.075,600,1030,940,770,1550,1980,1630,1550
24,0.145,0.197,0.51,0.946,1.984,0.122,0,0.064,770,1030,600,770,1550,1980,1630,1550
24,0.127,0.191,0.493,1.015,2.053,0.14,0,0.087,680,1030,940,770,1460,2060,1890,1550
25,0.127,0.214,0.417,0.882,1.879,0.192,0.047,0,600,680,680,680,1200,1460,1460,1370
25,0.116,0.203,0.458,1.097,2.129,0.203,0.052,0,600,680,770,680,1460,1460,1550,1460
25,0.104,0.208,0.446,1.062,2.076,0.215,0.041,0,600,680,770,680,1200,1800,1550,1370
25,0.116,0.191,0.441,1.108,2.094,0.203,0.035,0,600,770,770,680,1370,1460,1550,1370
25,0.133,0.208,0.423,1.143,2.125,0.18,0.038,0,600,770,770,680,1460,1460,1550,1370
25,0.121,0.203,0.464,1.01,2.025,0.192,0.035,0,600,860,770,680,1460,1800,1550,1370
25,0.104,0.203,0.4,0.975,1.943,0.215,0.046,0,600,770,770,680,1370,1460,1550,1370
25,0.116,0.191,0.446,1.004,1.995,0.203,0.035,0,600,860,770,680,1200,1720,1550,1370
25,0.116,0.191,0.412,0.94,1.92,0.209,0.052,0,600,680,770,680,1460,1800,1550,1370
25,0.116,0.214,0.446,1.108,2.11,0.197,0.029,0,600,770,770,680,1370,1720,1550,1370
26,0.11,0.725,1.01,0,2.158,0.174,0.139,0,860,1030,940,,1720,2150,1800,
26,0.11,0.684,1.091,0,2.222,0.174,0.163,0,860,1030,940,,1720,2150,1800,
26,0.11,0.731,1.091,0,2.228,0.157,0.139,0,860,1030,940,,1630,2150,1800,
26,0.11,0.789,1.073,0,2.21,0.174,0.064,0,770,1030,1030,,1720,2150,1980,
26,0.11,0.702,1.044,0,2.163,0.168,0.139,0,680,1030,1030,,1720,2150,1800,
26,0.11,0.702,1.062,0,2.17,0.168,0.128,0,770,1030,940,,1550,2150,1980,
26,0.11,0.783,1.137,0,2.273,0.162,0.081,0,860,1030,1030,,1720,1800,1800,
26,0.133,0.795,1.05,0,2.187,0.145,0.064,0,770,1030,940,,1550,2060,1890,
26,0.127,0.673,1.184,0,2.321,0.169,0.168,0,860,1030,680,,1720,1800,1800,
26,0.121,0.702,1.015,0,2.192,0.163,0.191,0,860,1030,940,,1720,2150,1890,
27,0.203,0.203,0.452,0.4,1.431,0.075,0.098,0,770,1550,940,1890,860,1800,860,1720
27,0.191,0.203,0.452,0.4,1.548,0.087,0.122,0.093,860,1630,940,1890,770,1800,860,1720
27,0.214,0.203,0.505,0.47,1.594,0.07,0.098,0.034,860,1720,940,1890,940,1800,860,1720
27,0.203,0.214,0.464,0.47,1.624,0.081,0.093,0.099,860,1630,940,1890,860,1800,860,1720
27,0.214,0.214,0.47,0.452,1.629,0.076,0.093,0.11,860,1630,940,1890,940,1800,860,1720
27,0.203,0.208,0.476,0.446,1.623,0.087,0.099,0.104,860,1720,940,1890,940,1890,860,1720
27,0.185,0.208,0.487,0.406,1.56,0.093,0.082,0.099,770,1630,940,1890,940,1890,860,1720
27,0.197,0.214,0.441,0.441,1.6,0.087,0.087,0.133,860,1630,940,1980,860,1800,860,1720
27,0.191,0.232,0.47,0.458,1.617,0.093,0.075,0.098,860,1630,940,1890,860,1720,860,1720
27,0.185,0.226,0.458,0.446,1.623,0.099,0.093,0.116,860,1630,940,1890,860,1800,860,1720
28,0.197,0.203,0.673,0.928,2.07,0.069,0,0,600,860,860,860,1200,1550,1720,1720
28,0.191,0.197,0.673,0.841,1.989,0.087,0,0,600,860,860,860,1200,1720,1720,1720
28,0.162,0.203,0.644,0.928,2.029,0.092,0,0,600,770,860,860,1110,1630,1720,1720
28,0.179,0.191,0.661,1.068,2.181,0.082,0,0,600,770,770,860,1370,1550,1630,1720
28,0.191,0.179,0.69,0.986,2.122,0.076,0,0,600,770,860,860,1460,1550,1630,1630
28,0.168,0.191,0.673,0.876,2.007,0.099,0,0,600,770,770,860,1370,1630,1630,1800
28,0.203,0.179,0.696,0.969,2.122,0.075,0,0,600,770,770,860,1370,1890,1630,1720
28,0.179,0.197,0.696,0.783,1.931,0.076,0,0,600,770,770,860,1460,1630,1630,1720
28,0.208,0.197,0.684,0.835,1.983,0.059,0,0,680,860,860,860,1630,1630,1630,1720
28,0.203,0.197,0.65,0.934,2.053,0.069,0,0,600,860,770,860,1370,1890,1630,1720
29,0.168,0.197,0.458,1.033,2.106,0.116,0.07,0.064,680,680,770,770,1370,1980,1980,1720
29,0.179,0.214,0.528,1.027,2.129,0.111,0.024,0.046,680,680,770,770,1370,1980,1550,1550
29,0.162,0.214,0.481,1.097,2.182,0.128,0.024,0.076,680,860,770,770,1370,1980,1800,1550
29,0.156,0.214,0.505,1.05,2.111,0.134,0.029,0.023,680,860,770,860,1460,1720,1550,1720
29,0.174,0.214,0.464,1.137,2.186,0.127,0.041,0.029,680,860,770,860,1460,1720,1550,1720
29,0.174,0.203,0.458,1.056,2.111,0.116,0.035,0.069,680,770,770,770,1460,2060,1550,1550
29,0.174,0.191,0.505,1.102,2.186,0.116,0.029,0.069,680,860,770,770,1460,1980,1550,1550
29,0.145,0.208,0.516,1.137,2.198,0.133,0.03,0.029,680,940,770,680,1460,1980,1550,1550
29,0.139,0.203,0.516,1.12,2.18,0.133,0.04,0.029,680,940,770,770,1460,1980,1550,1550
29,0.15,0.214,0.516,1.114,2.174,0.122,0.029,0.029,680,860,770,770,1460,1800,1550,1550
30,0.162,0.139,0.446,0.47,1.594,0.081,0.046,0.25,600,940,770,770,1550,1800,1630,1550
30,0.156,0.15,0.435,0.435,1.53,0.076,0.058,0.22,770,940,770,770,1550,1890,1630,1630
30,0.162,0.133,0.417,0.505,1.63,0.087,0.07,0.256,680,940,770,770,1550,1800,1630,1550
30,0.162,0.139,0.458,0.493,1.658,0.087,0.052,0.267,680,940,770,860,1550,1890,1630,1550
30,0.168,0.139,0.429,0.528,1.653,0.075,0.064,0.25,770,940,770,860,1550,1550,1630,1550
30,0.185,0.133,0.452,0.481,1.653,0.07,0.07,0.262,770,940,860,860,1550,1890,1630,1550
30,0.162,0.145,0.446,0.481,1.594,0.081,0.058,0.221,600,940,860,770,1550,1800,1630,1550
30,0.145,0.1212,0.417,0.516,1.617,0.098,0.0868,0.233,770,940,770,770,1550,1550,1630,1550
30,0.156,0.145,0.429,0.55,1.617,0.07,0.058,0.209,770,940,860,770,1550,1890,1630,1550
30,0.15,0.121,0.423,0.521,1.622,0.093,0.076,0.238,600,940,770,600,1550,1800,1630,1550
31,0.185,0.354,0.33,1.526,2.587,0.116,0,0.076,600,770,860,770,1370,1460,1370,1630
31,0.168,0.365,0.267,1.358,2.424,0.139,0,0.127,600,680,860,770,1370,1460,1720,1290
31,0.185,0.365,0.272,1.462,2.534,0.122,0,0.128,680,770,860,770,1370,1460,1720,1290
31,0.168,0.359,0.278,1.41,2.465,0.151,0,0.099,680,770,860,770,1370,1550,1630,1630
31,0.185,0.359,0.284,1.323,2.36,0.116,0,0.093,680,770,860,770,1370,1550,1460,1550
31,0.191,0.359,0.284,1.352,2.418,0.122,0,0.11,680,860,860,770,1370,1460,1720,1290
31,0.191,0.354,0.284,1.34,2.39,0.122,0,0.099,680,860,860,770,1370,1720,1720,1290
31,0.185,0.354,0.278,1.265,2.326,0.128,0,0.116,680,860,860,860,1370,1550,1630,1630
31,0.179,0.348,0.301,1.282,2.32,0.128,0,0.082,680,770,860,770,1370,1550,1720,1630
31,0.185,0.354,0.278,1.805,2.861,0.111,0,0.128,680,770,860,510,1370,1460,1370,1290
32,0.15,0.174,0.516,1.48,2.616,0.14,0.075,0.081,680,680,860,770,1630,1370,1720,1550
32,0.15,0.185,0.522,1.474,2.611,0.14,0.047,0.093,680,770,860,680,1550,1460,1720,1550
32,0.156,0.191,0.476,1.259,2.39,0.128,0.076,0.104,680,770,860,770,1550,1550,1720,1550
32,0.145,0.203,0.493,1.439,2.576,0.139,0.035,0.122,770,770,860,770,1550,1460,1720,1550
32,0.15,0.191,0.481,1.422,2.564,0.128,0.064,0.128,770,680,860,770,1550,1460,1720,1550
32,0.15,0.191,0.464,1.381,2.54,0.134,0.081,0.139,770,770,860,770,1550,1460,1720,1550
32,0.15,0.168,0.487,1.364,2.489,0.14,0.058,0.122,770,770,860,770,1550,1460,1720,1550
32,0.156,0.203,0.505,1.399,2.541,0.128,0.046,0.104,770,770,860,770,1550,1460,1720,1550
32,0.145,0.179,0.47,1.404,2.512,0.145,0.059,0.11,770,770,860,770,1550,1460,1720,1550
32,0.162,0.191,0.476,1.346,2.488,0.122,0.07,0.121,770,680,860,770,1550,1460,1720,1550
33,0.185,0.214,0.267,0.731,1.601,0.099,0.024,0.081,770,940,940,860,1550,1890,1800,1800
33,0.191,0.208,0.278,0.655,1.548,0.099,0.03,0.087,680,940,860,860,1460,1890,1800,1800
33,0.203,0.22,0.296,0.818,1.682,0.093,0.012,0.04,770,940,860,860,1370,1890,1800,1800
33,0.174,0.197,0.255,0.743,1.63,0.116,0.029,0.116,680,940,860,860,1460,1890,1800,1800
33,0.179,0.208,0.278,0.824,1.676,0.117,0.018,0.052,770,940,860,860,1460,1890,1800,1800
33,0.179,0.203,0.249,0.835,1.709,0.105,0.023,0.115,680,940,860,860,1460,1890,1800,1800
33,0.191,0.208,0.255,0.853,1.74,0.099,0.035,0.099,680,940,860,860,1460,1890,1800,1720
33,0.191,0.197,0.243,0.777,1.658,0.11,0.041,0.099,680,940,860,860,1370,1890,1800,1800
33,0.214,0.197,0.255,0.835,1.739,0.087,0.023,0.128,770,940,860,860,1550,1890,1800,1720
33,0.174,0.197,0.243,0.847,1.722,0.121,0.041,0.099,770,940,860,860,1550,1800,1800,1720
34,0.191,0.179,0.563,0.882,1.984,0.128,0.041,0,680,860,860,770,1630,1720,1720,1550
34,0.203,0.179,0.597,0.876,2.001,0.122,0.024,0,680,860,940,770,1460,1720,1890,1550
34,0.197,0.174,0.597,0.888,2.007,0.128,0.023,0,680,860,860,770,1290,1720,1720,1550
34,0.214,0.185,0.603,0.818,1.925,0.07,0.035,0,680,860,940,770,1550,1720,1980,1550
34,0.208,0.179,0.597,0.876,2.023,0.122,0.041,0,770,940,940,770,1630,1720,1720,1550
34,0.214,0.179,0.568,0.882,2,0.116,0.041,0,680,940,940,770,1550,1720,1720,1550
34,0.185,0.179,0.574,0.783,1.896,0.134,0.041,0,680,860,940,770,1550,1720,1720,1550
34,0.208,0.179,0.609,0.876,2.018,0.122,0.024,0,680,860,940,770,1290,1720,1630,1550
34,0.208,0.179,0.568,0.957,2.081,0.128,0.041,0,770,860,940,770,1630,1720,1720,1550
34,0.214,0.174,0.621,0.905,2.07,0.122,0.034,0,680,860,940,770,1290,1720,1630,1550
35,0.156,0.191,0.58,1.056,2.175,0.111,0.058,0.023,600,860,860,770,1200,1200,1200,1460
35,0.15,0.191,0.551,1.044,2.14,0.105,0.07,0.029,600,860,860,770,1200,1370,1370,1460
35,0.162,0.191,0.574,0.899,2.018,0.105,0.052,0.035,600,860,860,770,1370,1370,1200,1460
35,0.156,0.191,0.557,0.928,2.041,0.105,0.081,0.023,600,860,860,680,1200,1720,1290,1460
35,0.133,0.179,0.574,1.056,2.181,0.122,0.07,0.047,600,770,860,770,1200,1550,1720,1460
35,0.156,0.179,0.563,1.201,2.32,0.116,0.076,0.029,600,860,860,680,1370,1720,1370,1460
35,0.15,0.179,0.539,0.981,2.089,0.117,0.076,0.047,600,770,860,770,1200,1630,1720,1550
35,0.156,0.185,0.58,1.073,2.21,0.105,0.082,0.029,600,860,860,770,1200,1290,1200,1460
35,0.145,0.191,0.58,1.155,2.286,0.116,0.07,0.029,600,860,860,770,1370,1550,1370,1460
35,0.156,0.185,0.592,1.12,2.239,0.111,0.058,0.017,600,860,860,770,1200,1630,1370,1460